path,provenance,source_modified_at_sydney,package_modified_at_sydney,snapshot_at_sydney,size_bytes,sha256
.gitattributes,new portable helper,,2026-09-25T19:44:07+10:00,2026-09-25T19:44:20+10:00,113,6cb9508590a92fb98461e7e6e2cdbc1a760a4f9c2c53d246814f934b4dc1daa1
README.md,new portable helper,,2026-09-25T19:40:57+10:00,2026-09-25T19:44:20+10:00,3362,58ca7163661819fc976e8202a391ddd1ba2c498f9f015839f684d917fe2dd7e5
docs/audio_v0_asset_and_stimulus_register.md,Mac source snapshot,2026-09-18T23:08:09+10:00,2026-09-18T23:08:09+10:00,2026-09-25T19:44:20+10:00,8827,d5e9f62a1a99f295054134a69e45a140f9f5fefb5b3173a9bb5d129a3b7e3fdc
docs/audio_v0_complete_tutorial_and_tool_analysis_20260924.md,Mac source snapshot,2026-09-24T17:07:01+10:00,2026-09-24T17:07:01+10:00,2026-09-25T19:44:20+10:00,13465,b6d2cba6f0fecbc33c02479ac512a6856377e25c29964af62806862b2764451f
docs/audio_v0_execution_guide.md,Mac source snapshot,2026-09-24T10:55:49+10:00,2026-09-24T10:55:49+10:00,2026-09-25T19:44:20+10:00,16475,5d93d76505e4e29fbaf001cc472899be676f2e62fedf01bc3876b41cf2bb0aa9
docs/audio_v0_protocol_and_prototype_checklist.md,Mac source snapshot,2026-09-24T01:31:02+10:00,2026-09-24T01:31:02+10:00,2026-09-25T19:44:20+10:00,15268,afccd7668d402817290ab6b35f6256e394d0afbb6ffaf6321a60ee10512ca491
docs/audio_v0_unity_build_walkthrough.md,Mac source snapshot,2026-09-21T17:48:59+10:00,2026-09-21T17:48:59+10:00,2026-09-25T19:44:20+10:00,22359,d1e73f337cafd511e373d7a6cc4ac10c09ed8e73d581541c50db292852701303
docs/feasibility_pilot_record.md,Mac source snapshot,2026-09-24T01:29:29+10:00,2026-09-24T01:29:29+10:00,2026-09-25T19:44:20+10:00,6755,788fcc1a57ea8fa1e71cd73ddec3b60648a071169c19fcfb81aae73b4a8f7f22
docs/game_interaction_evidence_review.md,Mac source snapshot,2026-09-21T16:03:01+10:00,2026-09-21T16:03:01+10:00,2026-09-25T19:44:20+10:00,14097,2cb11f42347ed822fa2aa95b90fef23e29b017f6afb3c7207540cb64f2c41d7f
docs/hmd_audio_calibration_record.md,Mac source snapshot,2026-09-24T01:33:07+10:00,2026-09-24T01:33:07+10:00,2026-09-25T19:44:20+10:00,10436,6984ff0820d1b67eee82a40cce9bfdc74d909085bb82a3e03bf611fb48929170
docs/identification_validity_gate.md,Mac source snapshot,2026-09-24T01:29:29+10:00,2026-09-24T01:29:29+10:00,2026-09-25T19:44:20+10:00,11766,534ae8d96d087ad00046c0f29e9d3772c9c81bc7d76069b1a3073995a9a0b2bc
docs/measurement_implementation_alignment.md,Mac source snapshot,2026-09-24T01:29:29+10:00,2026-09-24T01:29:29+10:00,2026-09-25T19:44:20+10:00,19194,2b151da3a02fd045e6c463da2999f4a48922e2e1815ddf8c617287fe34002f7d
docs/participant_runbook_and_data_dictionary.md,Mac source snapshot,2026-09-24T11:07:23+10:00,2026-09-24T11:07:23+10:00,2026-09-25T19:44:20+10:00,27732,5031d67ddd56906121e81afb6e0e0981a3cd666abe2fdc8e844d134afe034c04
docs/protocol_freeze_record.md,Mac source snapshot,2026-09-24T01:29:29+10:00,2026-09-24T01:29:29+10:00,2026-09-25T19:44:20+10:00,16777,081b1591abae1ede73a8ee5e3641474bae4a885017f6914942c78a5e8ed5b5a4
docs/sound_family_design_and_screening_manual.md,Mac source snapshot,2026-09-24T01:31:02+10:00,2026-09-24T01:31:02+10:00,2026-09-25T19:44:20+10:00,24787,8a25962e0752ebd544a7117385ee46b40152b371fc81b1870d3609fd87f48887
handoff/audio_v0_turn_cues_tutorial_overleaf_gate_20260924.md,Mac source snapshot,2026-09-24T18:23:05+10:00,2026-09-24T18:23:05+10:00,2026-09-25T19:44:20+10:00,7491,d63ff92cc15560c3b42d664f4971768cb9d4a015d2acd5181874b60c1f60bf6e
handoff/environment_and_direct_methods_20260923.md,Mac source snapshot,2026-09-23T03:07:55+10:00,2026-09-23T03:07:55+10:00,2026-09-25T19:44:20+10:00,5215,9794708b43a0d96d02c34b5e07b01df99eea5ff6af95d467d5b840e31c70f096
handoff/formal_data_integrity_and_pilot_records_20260918.md,Mac source snapshot,2026-09-18T23:19:45+10:00,2026-09-18T23:19:45+10:00,2026-09-25T19:44:20+10:00,4282,feee8243cbf2df5559761e64cd5ba4e3a8088a4aecba2f74317c274b7e638a02
handoff/game_interaction_data_validation_20260921.md,Mac source snapshot,2026-09-21T17:48:59+10:00,2026-09-21T17:48:59+10:00,2026-09-25T19:44:20+10:00,11503,0daf8f752b8bb659a52906531ffa90a523fb63de61f078429e748d3ac1a69e6f
handoff/independent_excerpt_identification_candidate_20260923.md,Mac source snapshot,2026-09-23T00:31:18+10:00,2026-09-23T00:31:18+10:00,2026-09-25T19:44:20+10:00,7786,cdbe9fccfae3cc587a4c0959568fd7e9b938cab912400c9a842bd117428fc4ac
handoff/independent_excerpt_resolution_and_tram_meeting_20260923.md,Mac source snapshot,2026-09-23T05:31:13+10:00,2026-09-23T05:31:13+10:00,2026-09-25T19:44:20+10:00,9668,e43118c5d3f5024f31496b2b749c19ef2908d27d2c6775e0c74ce15b45cc9ed6
handoff/overleaf_sync_and_render_audit_20260924.md,Mac source snapshot,2026-09-24T18:42:08+10:00,2026-09-24T18:42:08+10:00,2026-09-25T19:44:20+10:00,3442,248d6514215a97daac6edd8d3fe5799861365697fb204b9d9162d65aa54abc1e
handoff/paper2_audio_v0_status_20260924.md,Mac source snapshot,2026-09-24T03:38:06+10:00,2026-09-24T03:38:06+10:00,2026-09-25T19:44:20+10:00,4288,89643af3e056f390984025105433d34063454c98b8e14fb1d9f2fc8148de02fb
handoff/quick_tutorial_full_flights_m1_and_downloadable_review_20260923.md,Mac source snapshot,2026-09-24T03:23:36+10:00,2026-09-24T03:23:36+10:00,2026-09-25T19:44:20+10:00,11258,a7c022aca17f5c7e8ed800fd2f8c0775467ef83c7f49ee093a70d1a2bc03e96c
handoff/sound_design_rationale_revision_20260923.md,Mac source snapshot,2026-09-24T03:23:36+10:00,2026-09-24T03:23:36+10:00,2026-09-25T19:44:20+10:00,9384,565c59dab0f8b309fa54006196e14cd7c970fad6634ab3ceddca4420530ba288
handoff/trial_design_methods_tram_comments_20260923.md,Mac source snapshot,2026-09-23T14:35:05+10:00,2026-09-23T14:35:05+10:00,2026-09-25T19:44:20+10:00,3945,43f8b92a060081487ffe3fcc67b659c234b6bb78153c5a55d316d94e7ecd4366
handoff/turn_cue_file_inventory_and_editing_20260925.md,Mac source snapshot,2026-09-25T00:48:34+10:00,2026-09-25T00:48:34+10:00,2026-09-25T19:44:20+10:00,8049,5c4ae719d83556bad447853f60c987e64729d0c5a8ab355b7f043ad0fb3f8821
handoff/turn_cue_quest3_continuous_audio_handoff_20260924.md,Mac source snapshot,2026-09-24T22:13:34+10:00,2026-09-24T22:13:34+10:00,2026-09-25T19:44:20+10:00,6536,135f47edca82931a993d54bb477931830036f8941b8fae4bb90a1d3b2650ee91
handoff/unity_software_delivery_20260924.md,Mac source snapshot,2026-09-24T11:43:59+10:00,2026-09-24T11:43:59+10:00,2026-09-25T19:44:20+10:00,8617,985e12e7078d3dc46b5231dfd1b3975c0e48f3047840d31adb4acac649639984
handoff/unity_tutorial_motion_and_sound_candidates_20260923.md,Mac source snapshot,2026-09-24T01:32:05+10:00,2026-09-24T01:32:05+10:00,2026-09-25T19:44:20+10:00,10300,ad98b90dd923be38abba35a39cb16ab1a1d536703abd084bd9d3dccc03c50e94
handoff/urban_route_ui_motion_and_data_20260921.md,Mac source snapshot,2026-09-21T03:06:44+10:00,2026-09-21T03:06:44+10:00,2026-09-25T19:44:20+10:00,7870,b6fef757f73ce808c972c0502bf9ee70ee2a308255a033addbaf8c62a3f7d8ce
handoff/visible_data_folder_20260921.md,Mac source snapshot,2026-09-21T17:58:04+10:00,2026-09-21T17:58:04+10:00,2026-09-25T19:44:20+10:00,2802,a7e6411f0a6e059d7ac4ec6603dbfeb1b002571a1a3b6c8e513c3329a72d8f37
handoff/windows_unity_quest3_migration_20260924.md,Mac source snapshot,2026-09-24T23:35:02+10:00,2026-09-24T23:35:02+10:00,2026-09-25T19:44:20+10:00,5769,9e01ed8668b5c2bbfc3c16ea9ac0ce996d74636d471dca8e5c9a536af0b72385
handoff/windows_unity_quest3_migration_20260925.md,Mac source snapshot,2026-09-25T00:27:23+10:00,2026-09-25T00:27:23+10:00,2026-09-25T19:44:20+10:00,2583,fae2478647f9d530dbdf364ba5bcd9ccb267b371346e736d3f333d9e3282631c
sound_design/README.md,Mac source snapshot,2026-09-23T21:07:47+10:00,2026-09-23T21:07:47+10:00,2026-09-25T19:44:20+10:00,1984,7c81be5c4c91564157862e1e65f65e683f33180b9f16fe016aa0b415ccfc8ce9
sound_design/audio_stimulus_design_v1.md,Mac source snapshot,2026-09-18T18:21:45+10:00,2026-09-18T18:21:45+10:00,2026-09-25T19:44:20+10:00,8095,4f6dfd584522cd169800777d3155e240de3900f1617a7b321f9669926d9883bf
sound_design/azure_speech_v1/README.md,Mac source snapshot,2026-09-18T18:21:45+10:00,2026-09-18T18:21:45+10:00,2026-09-25T19:44:20+10:00,738,be32efb20e72d95dc05341ee8b9fa35109642905dc5bf1999ea0e2a8500f2732
sound_design/azure_speech_v1/T01_CruiseEntry.ssml,Mac source snapshot,2026-09-18T18:21:45+10:00,2026-09-18T18:21:45+10:00,2026-09-25T19:44:20+10:00,178,c44bfa5dbb328926ae98521aa80097749ad270e2242ed3fde300657d026677b7
sound_design/azure_speech_v1/T02_DescentBegin.ssml,Mac source snapshot,2026-09-18T18:21:45+10:00,2026-09-18T18:21:45+10:00,2026-09-25T19:44:20+10:00,179,ee0e2043a5bea688d9b06e60f2367d695bcb3c749e35c445363a350ef945f385
sound_design/azure_speech_v1/T03_LandingPreparation.ssml,Mac source snapshot,2026-09-18T18:21:45+10:00,2026-09-18T18:21:45+10:00,2026-09-25T19:44:20+10:00,172,fc29a592cccfb9b8fd3e3a114466d7582962611897c9ef0c8d92bd136fd08159
sound_design/azure_speech_v1/generate_azure_speech_v1.sh,Mac source snapshot,2026-09-18T18:22:02+10:00,2026-09-18T18:22:02+10:00,2026-09-25T19:44:20+10:00,1891,9258d6c7381201fd9421b598fc49667dc47be6f1146b66d07545bd730439a24c
sound_design/candidate_families_v1/README.md,Mac source snapshot,2026-09-23T19:13:54+10:00,2026-09-23T19:13:54+10:00,2026-09-25T19:44:20+10:00,4027,2a08f864007b2f43543bc6c6ac488a464642842ea8277001d8945dbcde0db7a9
sound_design/candidate_families_v1/analyze_candidate_families.py,Mac source snapshot,2026-09-19T13:18:07+10:00,2026-09-19T13:18:07+10:00,2026-09-25T19:44:20+10:00,2350,d7e295fd3aa57de3b1c42ad9f85d7c6d61b51f72aeae6f2d2562cd6b59ffbf60
sound_design/candidate_families_v1/audition.html,Mac source snapshot,2026-09-19T13:20:58+10:00,2026-09-19T13:20:58+10:00,2026-09-25T19:44:20+10:00,5007,745c3600585be85a38626e5ffb8cff64f62ed4409446800bcf0f34fc2f40a805
sound_design/candidate_families_v1/brightness/T01_cruise_entry.wav,Mac source snapshot,2026-09-19T13:18:38+10:00,2026-09-19T13:18:38+10:00,2026-09-25T19:44:20+10:00,119114,d4b4830e7c341fc932ee5b056c3637a47615b2f3b708e6b9653a0f3740fe6347
sound_design/candidate_families_v1/brightness/T02_descent_begin.wav,Mac source snapshot,2026-09-19T13:18:38+10:00,2026-09-19T13:18:38+10:00,2026-09-25T19:44:20+10:00,119114,b65090e06141393157778643fd3d099dabc9765a3066f2bc1208f15e8270cd3b
sound_design/candidate_families_v1/brightness/T03_landing_preparation.wav,Mac source snapshot,2026-09-19T13:18:38+10:00,2026-09-19T13:18:38+10:00,2026-09-25T19:44:20+10:00,119114,d1df1e15e11a5723d49e7085e3cda398b8a0ac41147e14a3293743a8e0819362
sound_design/candidate_families_v1/candidate_analysis.json,Mac source snapshot,2026-09-19T13:21:48+10:00,2026-09-19T13:21:48+10:00,2026-09-25T19:44:20+10:00,4180,ec4ea4e98cab57b4738f9dd2b910b9c63b7cd0f149780a54bd79b9d20f33dad3
sound_design/candidate_families_v1/candidate_manifest.txt,Mac source snapshot,2026-09-19T13:18:38+10:00,2026-09-19T13:18:38+10:00,2026-09-25T19:44:20+10:00,219,95cc20ffa42ad923e6268da7f0215f8b90060d03d81f0694bd7c187d4178cedb
sound_design/candidate_families_v1/contour/T01_cruise_entry.wav,Mac source snapshot,2026-09-19T13:18:37+10:00,2026-09-19T13:18:37+10:00,2026-09-25T19:44:20+10:00,119114,f71ca54e29d8b37bccb78028c25883726baf53714dd24a006c586f92f459f63f
sound_design/candidate_families_v1/contour/T02_descent_begin.wav,Mac source snapshot,2026-09-19T13:18:37+10:00,2026-09-19T13:18:37+10:00,2026-09-25T19:44:20+10:00,119114,ee0a447c77d27bfa98fe0eb42c3297216ca608225ebdd663fa3c14af81435dcd
sound_design/candidate_families_v1/contour/T03_landing_preparation.wav,Mac source snapshot,2026-09-19T13:18:37+10:00,2026-09-19T13:18:37+10:00,2026-09-25T19:44:20+10:00,119114,fde8e8ffe2e5b7e9662f28d5e2a8f29813a9d91955f46110fc5d5306d333edd0
sound_design/candidate_families_v1/generate_candidate_families.py,Mac source snapshot,2026-09-19T13:18:30+10:00,2026-09-19T13:18:30+10:00,2026-09-25T19:44:20+10:00,5408,7cc2af60fd9a4a856dc31219c8328f8858527647c8cef1e613ce7f6cec38229b
sound_design/candidate_families_v1/interval/T01_cruise_entry.wav,Mac source snapshot,2026-09-19T13:18:38+10:00,2026-09-19T13:18:38+10:00,2026-09-25T19:44:20+10:00,119114,c5aab79a1cdbcf4dd2eab3ffbac3255cc4d45ac08af5259d9c0cd16409b0bb2f
sound_design/candidate_families_v1/interval/T02_descent_begin.wav,Mac source snapshot,2026-09-19T13:18:38+10:00,2026-09-19T13:18:38+10:00,2026-09-25T19:44:20+10:00,119114,1880f874e749119eb9cc5928f65c3ee3dd50601c76b964cc77eac70fcc7fd7c2
sound_design/candidate_families_v1/interval/T03_landing_preparation.wav,Mac source snapshot,2026-09-19T13:18:38+10:00,2026-09-19T13:18:38+10:00,2026-09-25T19:44:20+10:00,119114,9c293a8baa52eb270d3741eba281a87f9146ba198b9d24408d1187b362a54e33
sound_design/candidate_families_v1/rhythm/T01_cruise_entry.wav,Mac source snapshot,2026-09-19T13:18:38+10:00,2026-09-19T13:18:38+10:00,2026-09-25T19:44:20+10:00,119114,d4db66bc24b8d7e0786ccfece01e2c184542acab01634e41a4c68c43449397c3
sound_design/candidate_families_v1/rhythm/T02_descent_begin.wav,Mac source snapshot,2026-09-19T13:18:38+10:00,2026-09-19T13:18:38+10:00,2026-09-25T19:44:20+10:00,119114,72f9fc1f5e9d5714b21fd6caa27a016e59733cab23d04c0cba517398b7e4ad7c
sound_design/candidate_families_v1/rhythm/T03_landing_preparation.wav,Mac source snapshot,2026-09-19T13:18:38+10:00,2026-09-19T13:18:38+10:00,2026-09-25T19:44:20+10:00,119114,2f6596d739f374d187c2a280c64c6ae19dba166cf69b47aaaef9713dce375a9d
sound_design/contour_soft_screening_v1/C0_current_contour/T01_cruise_entry.wav,Mac source snapshot,2026-09-20T20:31:01+10:00,2026-09-20T20:31:01+10:00,2026-09-25T19:44:20+10:00,119114,f71ca54e29d8b37bccb78028c25883726baf53714dd24a006c586f92f459f63f
sound_design/contour_soft_screening_v1/C0_current_contour/T02_descent_begin.wav,Mac source snapshot,2026-09-20T20:31:01+10:00,2026-09-20T20:31:01+10:00,2026-09-25T19:44:20+10:00,119114,ee0a447c77d27bfa98fe0eb42c3297216ca608225ebdd663fa3c14af81435dcd
sound_design/contour_soft_screening_v1/C0_current_contour/T03_landing_preparation.wav,Mac source snapshot,2026-09-20T20:31:01+10:00,2026-09-20T20:31:01+10:00,2026-09-25T19:44:20+10:00,119114,fde8e8ffe2e5b7e9662f28d5e2a8f29813a9d91955f46110fc5d5306d333edd0
sound_design/contour_soft_screening_v1/C1_no_late_tick/T01_cruise_entry.wav,Mac source snapshot,2026-09-20T20:31:01+10:00,2026-09-20T20:31:01+10:00,2026-09-25T19:44:20+10:00,119114,f71ca54e29d8b37bccb78028c25883726baf53714dd24a006c586f92f459f63f
sound_design/contour_soft_screening_v1/C1_no_late_tick/T02_descent_begin.wav,Mac source snapshot,2026-09-20T20:31:01+10:00,2026-09-20T20:31:01+10:00,2026-09-25T19:44:20+10:00,119114,ee0a447c77d27bfa98fe0eb42c3297216ca608225ebdd663fa3c14af81435dcd
sound_design/contour_soft_screening_v1/C1_no_late_tick/T03_landing_preparation.wav,Mac source snapshot,2026-09-20T20:31:01+10:00,2026-09-20T20:31:01+10:00,2026-09-25T19:44:20+10:00,119114,865dae8e3e38d2010a0004d84ec427193f847fc195ddc53a6b2cad72bafa920d
sound_design/contour_soft_screening_v1/C2_reduced_harmonic/T01_cruise_entry.wav,Mac source snapshot,2026-09-20T20:31:01+10:00,2026-09-20T20:31:01+10:00,2026-09-25T19:44:20+10:00,119114,8d404645256e7d33acbb6aa12216c2e7d7d615d222490832f4be8dcb8e1f44a0
sound_design/contour_soft_screening_v1/C2_reduced_harmonic/T02_descent_begin.wav,Mac source snapshot,2026-09-20T20:31:01+10:00,2026-09-20T20:31:01+10:00,2026-09-25T19:44:20+10:00,119114,28246edbcbba3492c4ab0fea28c4927688b22c9fce4481bb35cba389a772149b
sound_design/contour_soft_screening_v1/C2_reduced_harmonic/T03_landing_preparation.wav,Mac source snapshot,2026-09-20T20:31:01+10:00,2026-09-20T20:31:01+10:00,2026-09-25T19:44:20+10:00,119114,4d47f98430dae39dafd4b570e3c26e0c7f3e461bc29c2327996d4f2cba02e26e
sound_design/contour_soft_screening_v1/C3_smoother_envelope/T01_cruise_entry.wav,Mac source snapshot,2026-09-20T20:31:01+10:00,2026-09-20T20:31:01+10:00,2026-09-25T19:44:20+10:00,119114,a8f52087a22bb2d335d354be9ce2cdc327aa314d8285d01f4873e048d5f64ad5
sound_design/contour_soft_screening_v1/C3_smoother_envelope/T02_descent_begin.wav,Mac source snapshot,2026-09-20T20:31:01+10:00,2026-09-20T20:31:01+10:00,2026-09-25T19:44:20+10:00,119114,f5bc3dc8fe0362b6fac91e3bec2dcec396754af66ce52ee73b0ca41b155b43ad
sound_design/contour_soft_screening_v1/C3_smoother_envelope/T03_landing_preparation.wav,Mac source snapshot,2026-09-20T20:31:01+10:00,2026-09-20T20:31:01+10:00,2026-09-25T19:44:20+10:00,119114,81e691efeed30c374b7306957a755149a8be86f5cdc971bb8982b1738119a9ac
sound_design/contour_soft_screening_v1/README.md,Mac source snapshot,2026-09-22T23:56:35+10:00,2026-09-22T23:56:35+10:00,2026-09-25T19:44:20+10:00,4006,07259da947d99fc1640957919c3b3cdc1cd1d2160c95f528e28cfa3f9d019a94
sound_design/contour_soft_screening_v1/audit_contour_soft_candidates.py,Mac source snapshot,2026-09-20T20:30:48+10:00,2026-09-20T20:30:48+10:00,2026-09-25T19:44:20+10:00,2523,6e730263d22c71b507345d920eef26fc205d1972d1a5ba0a4d57e6e6be6999f1
sound_design/contour_soft_screening_v1/audition.html,Mac source snapshot,2026-09-22T23:52:33+10:00,2026-09-22T23:52:33+10:00,2026-09-25T19:44:20+10:00,2738,6513b66adb29486d2ea96dee4db96cf8a251dd811a31765471f925a0a34bf5c1
sound_design/contour_soft_screening_v1/candidate_analysis.json,Mac source snapshot,2026-09-20T20:34:43+10:00,2026-09-20T20:34:43+10:00,2026-09-25T19:44:20+10:00,4301,ba6bca2084042776be5c6f26918618a85469695978e4f076a5d2a2cc3f092549
sound_design/contour_soft_screening_v1/candidate_manifest.txt,Mac source snapshot,2026-09-20T20:31:01+10:00,2026-09-20T20:31:01+10:00,2026-09-25T19:44:20+10:00,1873,a91641a0dc76a2fe1ec8c8ff0c9f27d18f6cf33d8e9d3a1658b215546cabb509
sound_design/contour_soft_screening_v1/generate_contour_soft_candidates.py,Mac source snapshot,2026-09-20T20:30:48+10:00,2026-09-20T20:30:48+10:00,2026-09-25T19:44:20+10:00,4931,36d3042edeef033e9b8bea86fb96381c7b155912f51b4d70e03f621ae15db53a
sound_design/contour_soft_screening_v1/identification.html,Mac source snapshot,2026-09-22T23:55:17+10:00,2026-09-22T23:55:17+10:00,2026-09-25T19:44:20+10:00,3156,878ccd841d2d6a8cef7ff51a2e980d8e2676a9403d009463500399d0c3a53888
sound_design/contour_soft_screening_v1/identification_app.mjs,Mac source snapshot,2026-09-22T23:55:17+10:00,2026-09-22T23:55:17+10:00,2026-09-25T19:44:20+10:00,7520,261ede42a747eaa948e0cc30a5f5353873a110e92f2e895ab1525fb5ee08e49e
sound_design/contour_soft_screening_v1/identification_core.mjs,Mac source snapshot,2026-09-22T23:51:06+10:00,2026-09-22T23:51:06+10:00,2026-09-25T19:44:20+10:00,3075,eea75553f04bc9f7c9240a317b3612a72bd9fd1a1be790a47020d89df7c08881
sound_design/contour_soft_screening_v1/researcher_audition_record.md,Mac source snapshot,2026-09-20T20:33:42+10:00,2026-09-20T20:33:42+10:00,2026-09-25T19:44:20+10:00,1135,b8ab72f1e0bcfae0c84a78ea3fc81a14710fdc36c6cdc318b54a43efc367ca2c
sound_design/elevenlabs_broadcast_v3/README.md,Mac source snapshot,2026-09-23T19:13:54+10:00,2026-09-23T19:13:54+10:00,2026-09-25T19:44:20+10:00,5322,a029b19dec57abb43ab8c76a9705ed19d571f50892b6533476183fb6154540cb
sound_design/elevenlabs_broadcast_v3/analyze_raw_exports.py,Mac source snapshot,2026-09-18T20:05:57+10:00,2026-09-18T20:05:57+10:00,2026-09-25T19:44:20+10:00,3752,8c36ecefcbe1853e5c34b246618bcdcce3c89acc590ac3e1c2d9375077ffa295
sound_design/elevenlabs_broadcast_v3/raw/T01_cruising_altitude_raw.mp3,Mac source snapshot,2026-09-18T20:01:29+10:00,2026-09-18T20:01:29+10:00,2026-09-25T19:44:20+10:00,54264,09cddda0a3555a7421c7e048144eefc412a2da47b97bcbffffe32ea356261e13
sound_design/elevenlabs_broadcast_v3/raw/T02_descent_raw.mp3,Mac source snapshot,2026-09-18T20:02:15+10:00,2026-09-18T20:02:15+10:00,2026-09-25T19:44:20+10:00,56772,faa43a45ea4d2137f8246e93fc4d1fc95f2aa5a38c557ebe336eeeb4adc583a2
sound_design/elevenlabs_broadcast_v3/raw/T03_landing_raw.mp3,Mac source snapshot,2026-09-18T20:03:00+10:00,2026-09-18T20:03:00+10:00,2026-09-25T19:44:20+10:00,50502,a8350a46455f1aca41bc5b6a59214ac7cde2ff129af381326d41bb99c1c9950a
sound_design/elevenlabs_broadcast_v3/raw_analysis.json,Mac source snapshot,2026-09-18T20:07:24+10:00,2026-09-18T20:07:24+10:00,2026-09-25T19:44:20+10:00,2026,a7ba4f716855339b65c907d65a099a986c9c751f9320bc12be1fdc05f254e64b
sound_design/elevenlabs_broadcast_v3/rejected/T01_cruising_altitude_speed075_rejected.mp3,Mac source snapshot,2026-09-18T20:00:01+10:00,2026-09-18T20:00:01+10:00,2026-09-25T19:44:20+10:00,75162,67f29298390a8775accb50672f0e3bcbb4f604d283fa06f46059301477318551
sound_design/elevenlabs_broadcast_v4_candidate/README.md,Mac source snapshot,2026-09-23T19:13:54+10:00,2026-09-23T19:13:54+10:00,2026-09-25T19:44:20+10:00,5408,53ef7c1872c6596ddd884129f0f39404a3b25ba6a66da0668a1108a01f910ec2
sound_design/elevenlabs_broadcast_v4_candidate/T01_waveform_comparison.png,Mac source snapshot,2026-09-23T19:10:07+10:00,2026-09-23T19:10:07+10:00,2026-09-25T19:44:20+10:00,128254,e17ce44220a7e92b769d8bf0d587fb9366bed3cdfed29bf853069efb61412057
sound_design/elevenlabs_broadcast_v4_candidate/T02_waveform_comparison.png,Mac source snapshot,2026-09-23T19:10:07+10:00,2026-09-23T19:10:07+10:00,2026-09-25T19:44:20+10:00,131394,8d211b66dd772c9805d2e763c40a36663583313a77375773782634819e4223ac
sound_design/elevenlabs_broadcast_v4_candidate/T03_waveform_comparison.png,Mac source snapshot,2026-09-23T19:10:08+10:00,2026-09-23T19:10:08+10:00,2026-09-25T19:44:20+10:00,124514,35a1ada70fc8c65c83f613189063ff873f41be85cb6e4433be247c633f296057
sound_design/elevenlabs_broadcast_v4_candidate/audit_speech_exports.m,Mac source snapshot,2026-09-23T19:09:24+10:00,2026-09-23T19:09:24+10:00,2026-09-25T19:44:20+10:00,6574,91bc8072ac1114c27654ace2cae931157e96cf4aa57b2f7553c149c35c7d0123
sound_design/elevenlabs_broadcast_v4_candidate/audition.html,Mac source snapshot,2026-09-23T19:11:57+10:00,2026-09-23T19:11:57+10:00,2026-09-25T19:44:20+10:00,8351,334925f44b9ed8f94b52328a8fa179a33f3a3ae340fb6e88dbcc89674b8268bb
sound_design/elevenlabs_broadcast_v4_candidate/build_audition_and_verify.py,Mac source snapshot,2026-09-23T19:11:33+10:00,2026-09-23T19:11:33+10:00,2026-09-25T19:44:20+10:00,7871,22543f97927e39bf3c79bad0236fd8d0af6454710d41c64d1a0f1fbc03afe906
sound_design/elevenlabs_broadcast_v4_candidate/production_record.json,Mac source snapshot,2026-09-23T19:07:05+10:00,2026-09-23T19:07:05+10:00,2026-09-25T19:44:20+10:00,1525,abafbb4c0090d7475b01f86367d097db77a9fd9dcc01b38b14fb0efdef8f1964
sound_design/elevenlabs_broadcast_v4_candidate/raw/T01_cruise_entry_raw.mp3,Mac source snapshot,2026-09-23T18:58:56+10:00,2026-09-23T18:58:56+10:00,2026-09-25T19:44:20+10:00,58861,55826f2aa42eb450f9ff3767c03883b7a2941583646057af326d67989308988b
sound_design/elevenlabs_broadcast_v4_candidate/raw/T02_descent_begin_raw.mp3,Mac source snapshot,2026-09-23T19:02:57+10:00,2026-09-23T19:02:57+10:00,2026-09-25T19:44:20+10:00,63459,7b355ff285e8023f9d67c1e9ea76e587525b0090e457c4bf8c5526ff3a486f2c
sound_design/elevenlabs_broadcast_v4_candidate/raw/T03_landing_preparation_raw.mp3,Mac source snapshot,2026-09-23T19:06:29+10:00,2026-09-23T19:06:29+10:00,2026-09-25T19:44:20+10:00,54264,7ef21e0a3fb6e5f6d044aed80967c53a7a4956452e8414dac8119e77421047a8
sound_design/elevenlabs_broadcast_v4_candidate/waveform_audit.csv,Mac source snapshot,2026-09-23T19:10:08+10:00,2026-09-23T19:10:08+10:00,2026-09-25T19:44:20+10:00,2492,78d82dca9af73dca61fc208cb791d9db58b16d49f4f187888b82e4e706381e0a
sound_design/elevenlabs_broadcast_v4_candidate/waveform_audit.json,Mac source snapshot,2026-09-23T19:10:08+10:00,2026-09-23T19:10:08+10:00,2026-09-25T19:44:20+10:00,6570,ae81ded7aeed73e6eed1ea7f8685aa106c2fe523dbbde57aa4a4c62a852b4a16
sound_design/tram_revision_matlab_v1/M1_two_pulse/T01_cruise_entry.wav,Mac source snapshot,2026-09-23T18:51:08+10:00,2026-09-23T18:51:08+10:00,2026-09-25T19:44:20+10:00,158804,e7974152d6d48bc27b6ab12a93dd7e2f057ecfc174f64f62bf67a985d4f74cf5
sound_design/tram_revision_matlab_v1/M1_two_pulse/T02_descent_begin.wav,Mac source snapshot,2026-09-23T18:51:08+10:00,2026-09-23T18:51:08+10:00,2026-09-25T19:44:20+10:00,158804,d24a28548dae311df70076bd4b5ea1876033aa0359e406d4b2911196d2dd90e7
sound_design/tram_revision_matlab_v1/M1_two_pulse/T03_landing_preparation.wav,Mac source snapshot,2026-09-23T18:51:08+10:00,2026-09-23T18:51:08+10:00,2026-09-25T19:44:20+10:00,158804,68503a40e55a7ad874c499a6e6220eea08c1159063ff95d8a353114abb6fc979
sound_design/tram_revision_matlab_v1/M1_two_pulse_audit.png,Mac source snapshot,2026-09-23T18:51:16+10:00,2026-09-23T18:51:16+10:00,2026-09-25T19:44:20+10:00,246947,f803028e9a8655f79a1d9cbd2f1f96b7f52c20211ac601179fc0acbf3e7ff42e
sound_design/tram_revision_matlab_v1/M2_three_pulse/T01_cruise_entry.wav,Mac source snapshot,2026-09-23T18:51:08+10:00,2026-09-23T18:51:08+10:00,2026-09-25T19:44:20+10:00,158804,e7974152d6d48bc27b6ab12a93dd7e2f057ecfc174f64f62bf67a985d4f74cf5
sound_design/tram_revision_matlab_v1/M2_three_pulse/T02_descent_begin.wav,Mac source snapshot,2026-09-23T18:51:08+10:00,2026-09-23T18:51:08+10:00,2026-09-25T19:44:20+10:00,158804,d24a28548dae311df70076bd4b5ea1876033aa0359e406d4b2911196d2dd90e7
sound_design/tram_revision_matlab_v1/M2_three_pulse/T03_landing_preparation.wav,Mac source snapshot,2026-09-23T18:51:08+10:00,2026-09-23T18:51:08+10:00,2026-09-25T19:44:20+10:00,158804,da0ff773a76f4172f53fb9e4f33bced37b3d4ab9e73ab9edf18e7fb2da95ca76
sound_design/tram_revision_matlab_v1/M2_three_pulse_audit.png,Mac source snapshot,2026-09-23T18:51:17+10:00,2026-09-23T18:51:17+10:00,2026-09-25T19:44:20+10:00,251962,9964c49612a4ef9bccd3ce4730ce34ff9697755889869d08681ce1288e975094
sound_design/tram_revision_matlab_v1/README.md,Mac source snapshot,2026-09-23T20:39:18+10:00,2026-09-23T20:39:18+10:00,2026-09-25T19:44:20+10:00,7777,2c25905296ed30b55104fa012537e1f01a251caacae0cf31e49d0c3f3897a623
sound_design/tram_revision_matlab_v1/audition.html,Mac source snapshot,2026-09-23T18:53:03+10:00,2026-09-23T18:53:03+10:00,2026-09-25T19:44:20+10:00,10026,e5906aef0c17b84eb409ba6d9d21131b5f64554c014f7285e1aae77eb09b7d8a
sound_design/tram_revision_matlab_v1/build_audition_and_verify.py,Mac source snapshot,2026-09-23T18:53:03+10:00,2026-09-23T18:53:03+10:00,2026-09-25T19:44:20+10:00,8637,1fa7c96c4e231e384c9dfdcf3d6074aecda39b7c91e5862474c32178d465a274
sound_design/tram_revision_matlab_v1/candidate_analysis.csv,Mac source snapshot,2026-09-23T18:51:09+10:00,2026-09-23T18:51:09+10:00,2026-09-25T19:44:20+10:00,2901,b1a6592efc811e0523585d8bf40a3fbdceb4fd68e7a5bf10a2820bac90ecd343
sound_design/tram_revision_matlab_v1/candidate_analysis.json,Mac source snapshot,2026-09-23T18:51:08+10:00,2026-09-23T18:51:08+10:00,2026-09-25T19:44:20+10:00,7459,0fd6e3fddabcbabd0c19ee7f9db6d8d1b3c269482fb51c0b7dcee932a212c244
sound_design/tram_revision_matlab_v1/generate_tram_revision.m,Mac source snapshot,2026-09-23T18:50:50+10:00,2026-09-23T18:50:50+10:00,2026-09-25T19:44:20+10:00,8961,34feed42feddf214ae83f169659543990fa25e5b460ff19ada2471e08545c0ed
sound_design/tram_revision_matlab_v1/paper_figure/design_rationale.md,Mac source snapshot,2026-09-23T20:43:54+10:00,2026-09-23T20:43:54+10:00,2026-09-25T19:44:20+10:00,9694,dc0c3d67c4d9dbded5f6cc5ba5b416be6a1bf4e487195c245938959b102d4aae
sound_design/tram_revision_matlab_v1/paper_figure/figure_audit.json,Mac source snapshot,2026-09-23T20:42:07+10:00,2026-09-23T20:42:07+10:00,2026-09-25T19:44:20+10:00,3048,4bcc65d88c6cbba3c202e7c0662836c6fc72f4c773a7c5dca9b8872c0f6219c6
sound_design/tram_revision_matlab_v1/paper_figure/figure_insert.tex,Mac source snapshot,2026-09-23T20:44:50+10:00,2026-09-23T20:44:50+10:00,2026-09-25T19:44:20+10:00,1207,7968a2f4418f4fb48a29ce16a7446dcd5a5d9c66e3662e97155769096435b0ad
sound_design/tram_revision_matlab_v1/paper_figure/m1-waveform-fft-stft.pdf,Mac source snapshot,2026-09-23T20:42:06+10:00,2026-09-23T20:42:06+10:00,2026-09-25T19:44:20+10:00,214151,5ec3144c4735a6037c445f72051cd73d25700b09f0108d94b6e789dc0ad7d805
sound_design/tram_revision_matlab_v1/paper_figure/m1-waveform-fft-stft.png,Mac source snapshot,2026-09-23T20:42:05+10:00,2026-09-23T20:42:05+10:00,2026-09-25T19:44:20+10:00,749433,abd8b1dee0778a840ca95bd443c2ca7abdb7835b3cc1309a2eab6712c7c019e4
sound_design/tram_revision_matlab_v1/paper_figure/source_summary.csv,Mac source snapshot,2026-09-23T20:42:07+10:00,2026-09-23T20:42:07+10:00,2026-09-25T19:44:20+10:00,784,f2d1013692a3748963fbf2a4f8970666bb41d5d879339c512c5c12b78ac5af5b
sound_design/tram_revision_matlab_v1/paper_figure/spectral_source_data.mat,Mac source snapshot,2026-09-23T20:42:07+10:00,2026-09-23T20:42:07+10:00,2026-09-25T19:44:20+10:00,3754243,606ff5e25f4cd14c4859d4004807af8989c468f0ef4b1462694cf0ee5f0bf70e
sound_design/tram_revision_matlab_v1/plot_m1_paper_figure.m,Mac source snapshot,2026-09-23T20:41:39+10:00,2026-09-23T20:41:39+10:00,2026-09-25T19:44:20+10:00,10106,e573b468c06462d87abe66ea1254b7df6730b055f59c69226a10b46a5bcd8609
sound_design/tram_revision_matlab_v1/reference_C0_1p35s/T01_cruise_entry.wav,Mac source snapshot,2026-09-20T20:31:01+10:00,2026-09-20T20:31:01+10:00,2026-09-25T19:44:20+10:00,119114,f71ca54e29d8b37bccb78028c25883726baf53714dd24a006c586f92f459f63f
sound_design/tram_revision_matlab_v1/reference_C0_1p35s/T02_descent_begin.wav,Mac source snapshot,2026-09-20T20:31:01+10:00,2026-09-20T20:31:01+10:00,2026-09-25T19:44:20+10:00,119114,ee0a447c77d27bfa98fe0eb42c3297216ca608225ebdd663fa3c14af81435dcd
sound_design/tram_revision_matlab_v1/reference_C0_1p35s/T03_landing_preparation.wav,Mac source snapshot,2026-09-20T20:31:01+10:00,2026-09-20T20:31:01+10:00,2026-09-25T19:44:20+10:00,119114,fde8e8ffe2e5b7e9662f28d5e2a8f29813a9d91955f46110fc5d5306d333edd0
sound_design/tram_revision_matlab_v1/reference_C0_1p35s_audit.png,Mac source snapshot,2026-09-23T18:51:15+10:00,2026-09-23T18:51:15+10:00,2026-09-25T19:44:20+10:00,313367,dce5ddbcfd3f8915f49732dfb52a5c9cef22eef895736419b38ae869ca1db85e
sound_design/turn_cue_candidates_v1/README.md,Mac source snapshot,2026-09-24T22:11:22+10:00,2026-09-24T22:11:22+10:00,2026-09-25T19:44:20+10:00,1827,6ff8392a1a9776cbc09bb8a8829ea0698262c897497447d5336c4462c5c16a80
sound_design/turn_cue_candidates_v1/airy_breath_soft/turn_left.wav,Mac source snapshot,2026-09-24T21:40:03+10:00,2026-09-24T21:40:03+10:00,2026-09-25T19:44:20+10:00,114704,7436a1d77d70d1961c5af6cfc04041ba783cfed7edef36387a09d07a9cbf2204
sound_design/turn_cue_candidates_v1/airy_breath_soft/turn_right.wav,Mac source snapshot,2026-09-24T21:40:03+10:00,2026-09-24T21:40:03+10:00,2026-09-25T19:44:20+10:00,114704,7436a1d77d70d1961c5af6cfc04041ba783cfed7edef36387a09d07a9cbf2204
sound_design/turn_cue_candidates_v1/airy_glass/turn_left.wav,Mac source snapshot,2026-09-24T21:40:03+10:00,2026-09-24T21:40:03+10:00,2026-09-25T19:44:20+10:00,63548,ee6aa8ddb0e3904a3b7cff2a4381eb28ea722f07b2b6b1287055d2dd685636cc
sound_design/turn_cue_candidates_v1/airy_glass/turn_right.wav,Mac source snapshot,2026-09-24T21:40:03+10:00,2026-09-24T21:40:03+10:00,2026-09-25T19:44:20+10:00,63548,ee6aa8ddb0e3904a3b7cff2a4381eb28ea722f07b2b6b1287055d2dd685636cc
sound_design/turn_cue_candidates_v1/audition.html,Mac source snapshot,2026-09-24T20:29:32+10:00,2026-09-24T20:29:32+10:00,2026-09-25T19:44:20+10:00,2385,758a50732d67fd00d6195011fb185a6b21d16e2a74304b051d342a98d3562eb5
sound_design/turn_cue_candidates_v1/breath_chime/turn_left.wav,Mac source snapshot,2026-09-24T21:40:03+10:00,2026-09-24T21:40:03+10:00,2026-09-25T19:44:20+10:00,63548,70a83211ebdddbd98c5589ca776fb57c9146fc8d8c94722fe2b11680e3e42393
sound_design/turn_cue_candidates_v1/breath_chime/turn_right.wav,Mac source snapshot,2026-09-24T21:40:03+10:00,2026-09-24T21:40:03+10:00,2026-09-25T19:44:20+10:00,63548,70a83211ebdddbd98c5589ca776fb57c9146fc8d8c94722fe2b11680e3e42393
sound_design/turn_cue_candidates_v1/candidate_manifest.json,Mac source snapshot,2026-09-24T21:40:03+10:00,2026-09-24T21:40:03+10:00,2026-09-25T19:44:20+10:00,2695,f212b662963624843eeb2bae41613c3fcdb9d457f31384920611b63d8fb04554
sound_design/turn_cue_candidates_v1/generate_turn_cue_candidates.py,Mac source snapshot,2026-09-24T21:39:44+10:00,2026-09-24T21:39:44+10:00,2026-09-25T19:44:20+10:00,5422,f736c48585636a60dc6110b09e524a6fdbe3de283ede0fa84f84c43f28b81afa
sound_design/turn_cue_candidates_v1/soft_bloom/turn_left.wav,Mac source snapshot,2026-09-24T21:40:03+10:00,2026-09-24T21:40:03+10:00,2026-09-25T19:44:20+10:00,63548,394a16049fcdd5480aa36088b1e51b57d02e0cd4c0dd6fa8770c966cb7f73183
sound_design/turn_cue_candidates_v1/soft_bloom/turn_right.wav,Mac source snapshot,2026-09-24T21:40:03+10:00,2026-09-24T21:40:03+10:00,2026-09-25T19:44:20+10:00,63548,394a16049fcdd5480aa36088b1e51b57d02e0cd4c0dd6fa8770c966cb7f73183
sound_design/turn_cue_candidates_v1/suspended_fifth/turn_left.wav,Mac source snapshot,2026-09-24T21:40:03+10:00,2026-09-24T21:40:03+10:00,2026-09-25T19:44:20+10:00,63548,5aa3d8a58c6334ff76f3d70c97d9dc93cec19a790e386b19f8adca91b56a322c
sound_design/turn_cue_candidates_v1/suspended_fifth/turn_right.wav,Mac source snapshot,2026-09-24T21:40:03+10:00,2026-09-24T21:40:03+10:00,2026-09-25T19:44:20+10:00,63548,5aa3d8a58c6334ff76f3d70c97d9dc93cec19a790e386b19f8adca91b56a322c
sound_design/voxcpm2_broadcast_v2/README.md,Mac source snapshot,2026-09-18T19:18:05+10:00,2026-09-18T19:18:05+10:00,2026-09-25T19:44:20+10:00,2617,e2ad3bd23ff3936a06caf35dc586f73bae333101ac3002c71d07ea354f029174
sound_design/voxcpm2_broadcast_v2/T01_female_broadcast.wav,Mac source snapshot,2026-09-18T19:12:34+10:00,2026-09-18T19:12:34+10:00,2026-09-25T19:44:20+10:00,355524,574b114afbf32880a6f2c18f0c781753478842e4fdcf6ed2a1cb1c1d79750ab9
sound_design/voxcpm2_broadcast_v2/T01_male_broadcast.wav,Mac source snapshot,2026-09-18T19:12:34+10:00,2026-09-18T19:12:34+10:00,2026-09-25T19:44:20+10:00,289126,e63639c27fd6c57dba9d991316782cda0d3d271769024875bec7f2b44da9e4e2
sound_design/voxcpm2_broadcast_v2/generate_t01_voice_candidates.sh,Mac source snapshot,2026-09-18T19:11:52+10:00,2026-09-18T19:11:52+10:00,2026-09-25T19:44:20+10:00,1754,94faec07290acced7d05ef33cab14fbb232f47e93366d07b6793c79ade0144c6
sound_design/voxcpm2_broadcast_v2/prepare_voice_candidates.py,Mac source snapshot,2026-09-18T19:11:52+10:00,2026-09-18T19:11:52+10:00,2026-09-25T19:44:20+10:00,2287,87aafdaef7756741ba764bf8c52f59f10d2be95625f19522c443919e63306f06
sound_design/voxcpm2_broadcast_v2/raw/T01_female_broadcast_raw.wav,Mac source snapshot,2026-09-18T19:12:21+10:00,2026-09-18T19:12:21+10:00,2026-09-25T19:44:20+10:00,368684,72810e3c7a4ded8243361fb9a4f2cf0c07bd8cdc1b97e9354da2cd813f66d843
sound_design/voxcpm2_broadcast_v2/raw/T01_male_broadcast_raw.wav,Mac source snapshot,2026-09-18T19:12:34+10:00,2026-09-18T19:12:34+10:00,2026-09-25T19:44:20+10:00,291884,7ab3e4428ce5ef2e7498e77bc4b764b9b911539a67df62f90f2efdcf0b38aa66
sound_design/voxcpm2_pilot_v1/README.md,Mac source snapshot,2026-09-18T19:13:46+10:00,2026-09-18T19:13:46+10:00,2026-09-25T19:44:20+10:00,5993,5a39ecf3ee742dc65d62adc899810d096fdc5e17c10d59e5d920ee0ffe05e1cd
sound_design/voxcpm2_pilot_v1/T01_VoxCPM2_pilot_v1.wav,Mac source snapshot,2026-09-18T19:04:53+10:00,2026-09-18T19:04:53+10:00,2026-09-25T19:44:20+10:00,247718,e053821e8fbb4207da9f8c36746694f602a67d8c07259de9682d6778c60481ca
sound_design/voxcpm2_pilot_v1/T02_VoxCPM2_pilot_v1.wav,Mac source snapshot,2026-09-18T19:04:53+10:00,2026-09-18T19:04:53+10:00,2026-09-25T19:44:20+10:00,303292,492ee8334bab25f6b6dffa25116fb2e055acb044f69cff70b32ffde332178218
sound_design/voxcpm2_pilot_v1/T03_VoxCPM2_pilot_v1.wav,Mac source snapshot,2026-09-18T19:04:53+10:00,2026-09-18T19:04:53+10:00,2026-09-25T19:44:20+10:00,275254,a5a04a4eb1951a461a9d3b93b36fb9315d8a450835b6be989414c62661ce5a40
sound_design/voxcpm2_pilot_v1/generate_voxcpm2_pilot_v1.sh,Mac source snapshot,2026-09-18T19:04:40+10:00,2026-09-18T19:04:40+10:00,2026-09-25T19:44:20+10:00,1375,0a9b1bb1fa96e6c7a07addd7b7953cdf6267e4185009dd437cc64bd60263129d
sound_design/voxcpm2_pilot_v1/prepare_pilot_wav.py,Mac source snapshot,2026-09-18T19:04:40+10:00,2026-09-18T19:04:40+10:00,2026-09-25T19:44:20+10:00,2373,53d874b865591654a8709398937cff5d629f26f20a114c5a3d8f57c3831276ec
sound_design/voxcpm2_pilot_v1/raw/T01_VoxCPM2_pilot_v1_raw.wav,Mac source snapshot,2026-09-18T19:01:14+10:00,2026-09-18T19:01:14+10:00,2026-09-25T19:44:20+10:00,245804,9a200a92a0de34d4eac4baa33d5a128d1ab889d2daa5e0061b8ec52894c69265
sound_design/voxcpm2_pilot_v1/raw/T02_VoxCPM2_pilot_v1_raw.wav,Mac source snapshot,2026-09-18T19:02:11+10:00,2026-09-18T19:02:11+10:00,2026-09-25T19:44:20+10:00,307244,ad488e28abded3de39bcf0b631f9a5ce78ddfdd0d44783bf20b9bffd777fd602
sound_design/voxcpm2_pilot_v1/raw/T03_VoxCPM2_pilot_v1_raw.wav,Mac source snapshot,2026-09-18T19:02:34+10:00,2026-09-18T19:02:34+10:00,2026-09-25T19:44:20+10:00,291884,c7552bcb5a429de2f196fb1fe513631243427d93471d2b49a605d2b98f2eef14
tools/audio_v0_data_server.py,Mac source with portable path adaptation,2026-09-23T20:57:43+10:00,2026-09-25T19:40:01+10:00,2026-09-25T19:44:20+10:00,12032,987945719eb1ce3d02d5fa603bb1cdad7c520e7512f37d1e0ee578bb917835d5
tools/audio_v0_log_viewer.html,Mac source snapshot,2026-09-24T00:48:45+10:00,2026-09-24T00:48:45+10:00,2026-09-25T19:44:20+10:00,30405,0f797a64a9f8920d3dfcbb79c2ea9a9c6eb77f1a0f7824f8d1158e4e9b8e0549
tools/audio_v0_review.py,Mac source snapshot,2026-09-23T21:03:14+10:00,2026-09-23T21:03:14+10:00,2026-09-25T19:44:20+10:00,16317,36229300db8e32b4ce9941bd6b4332a96b674db3ac907bf3957e767876d74348
tools/audio_v0_review_figures.py,Mac source snapshot,2026-09-23T21:09:35+10:00,2026-09-23T21:09:35+10:00,2026-09-25T19:44:20+10:00,8625,eb00ee230cfd8e78666753ac411ff20af074a0bf1a2cf1c9399d0b9904c3af3d
tools/audit_notification_predictability.py,Mac source snapshot,2026-09-22T23:51:06+10:00,2026-09-22T23:51:06+10:00,2026-09-25T19:44:20+10:00,3050,c11ef2d17f90a3f0c1480c59175c115bc7562ec6c57322a218ff6498e96d9281
tools/build_independent_excerpt_schedule.py,Mac source snapshot,2026-09-23T00:28:38+10:00,2026-09-23T00:28:38+10:00,2026-09-25T19:44:20+10:00,11260,a8be34d639eb1a1b63d71b95f51c6f46e6649422cbabc171193a04511d07c599
tools/compose_full_flight_views.py,Mac source snapshot,2026-09-23T20:55:21+10:00,2026-09-23T20:55:21+10:00,2026-09-25T19:44:20+10:00,1580,5a04364288ab6d0ecfec49eca364a9b03898a4991d372aa0f80d9c623ddb15b3
tools/export_audio_v0_events.py,Mac source snapshot,2026-09-23T19:27:23+10:00,2026-09-23T19:27:23+10:00,2026-09-25T19:44:20+10:00,37784,907ca1a2d0c7a2a22f3f8ee3e0ecd951ea86f98d6e5fbae74fc860751e66409d
tools/generate_full_flight_study_figure.py,Mac source snapshot,2026-09-23T20:44:46+10:00,2026-09-23T20:44:46+10:00,2026-09-25T19:44:20+10:00,3792,2c56d750a58f760a1fad0d76fc470c96e914c5b43d9e352eb620115a0c797911
tools/start_data_viewer_windows.cmd,new portable helper,,2026-09-25T19:43:17+10:00,2026-09-25T19:44:20+10:00,272,81fe49e1311019384f3fd07e42fb2bdca7b0e8b5c45b64adbbd935e7c12f2f40
tools/打开 Audio V0 数据中心.command,Mac source with portable path adaptation,2026-09-21T17:47:17+10:00,2026-09-25T19:40:01+10:00,2026-09-25T19:44:20+10:00,1210,ebd29d2b4d3310efacc24f0ebf3e8d2a9a24fd51b279b0a855022ac0d6a20b86
